<Accounts>
    <AccountInfo>
        <Pan>CTVPG7896A</Pan>
        <IBAN>IN203456345</IBAN>
        <Balance>2000</Balance>
        <AccountStatus>Active</AccountStatus>
        <AccountType>Current</AccountType>
        <BICFI>HDFC12008</BICFI>
    </AccountInfo>
    <AccountInfo>
        <Pan>CTVXG4563G</Pan>
        <IBAN>IN303543456</IBAN>
        <Balance>1000</Balance>
        <AccountStatus>Active</AccountStatus>
        <AccountType>Savings</AccountType>
        <BICFI>ICCI12008</BICFI>
    </AccountInfo>
</Accounts>