<FIToFICstmrCdtTrf>
    <CdtTrfTxInf>
        <EndToEndId>12345678987</EndToEndId>
        <ClrChanl>RTGS</ClrChanl>
        <Amt>10000</Amt>
        <Dt>2019-09-13</Dt>
        <Dbtr>
            <Nm>ABC Company</Nm>
            <PstlAdr>
                <StrtNm>Front St W</StrtNm>
                <BldgNb>301</BldgNb>
                <PstCd>M5V 2T6</PstCd>
                <TwnNm>Toronto</TwnNm>
                <CtrySubDvsn>ON</CtrySubDvsn>
                <Ctry>CA</Ctry>
            </PstlAdr>
            <DbtrAcct>
                <IBAN>IN231234567</IBAN>
                <DbtrAgt>
                    <BICFI>HDFC00123</BICFI>
                </DbtrAgt>
            </DbtrAcct>
        </Dbtr>
        <Cdtr>
            <Nm>123 Supplier</Nm>
            <PstlAdr>
                <StrtNm>Mark Lane</StrtNm>
                <BldgNb>55</BldgNb>
                <PstCd>EC3R7NE</PstCd>
                <TwnNm>London</TwnNm>
                <Ctry>GB</Ctry>
            </PstlAdr>
            <CdtrAcct>
                <IBAN>IN231234567</IBAN>
                <CdtrAgt>
                    <BICFI>HDFC00123</BICFI>
                </CdtrAgt>
            </CdtrAcct>
        </Cdtr>
        <RmtInf>Payment Note </RmtInf>
        <TransactionSts>Success</TransactionSts>
    </CdtTrfTxInf>
</FIToFICstmrCdtTrf>