<Customer>
    <UserInfo>
        <customer_ID>123456</customer_ID>
        <FirstName>John</FirstName>
        <LastName>Doe</LastName>
        <Dob>11/09/1990</Dob>
        <PanId>CTVPG7896A</PanId>
        <Aadhar>123245342312</Aadhar>
        <Mobile>9867854787</Mobile>
        <Email>john.doe@gmail.com</Email>
        <PstlAdr>
            <StrtNm>Kesnand road,Wagholi</StrtNm>
            <BldgNb>21</BldgNb>
            <PstCd>411066</PstCd>
            <TwnNm>Pune</TwnNm>
            <CtrySubDvsn>Maharashtra</CtrySubDvsn>
            <Ctry>India</Ctry>
        </PstlAdr>
    </UserInfo>
    <FinInstnId>
        <BICFI>HDFC12008</BICFI>
        <LEI>HDFC</LEI>
    </FinInstnId>
    <AccountInfo>
        <IBAN>IN203456345</IBAN>
        <InitialBalance>10000</InitialBalance>
        <AccountStatus>Active</AccountStatus>
        <Currency>INR</Currency>
        <AccountType>Current</AccountType>
        <CreDtTm>2019-09-14T12:59:26+01:00</CreDtTm>
    </AccountInfo>
</Customer>