<Customer>
    <UserInfo>
        <customer_ID>123458</customer_ID>
        <FirstName>Robbin</FirstName>
        <LastName>Tongko</LastName>
        <Dob>23/11/1994</Dob>
        <PanId>CTVXG4563G</PanId>
        <Aadhar>985674236543</Aadhar>
        <Mobile>9843257645</Mobile>
        <Email>Robbin.T23@hotmail.com</Email>
        <PstlAdr>
            <StrtNm>Bremen Chawk,Aundh</StrtNm>
            <BldgNb>34</BldgNb>
            <PstCd>415665</PstCd>
            <TwnNm>Pune</TwnNm>
            <CtrySubDvsn>Maharashtra</CtrySubDvsn>
            <Ctry>India</Ctry>
        </PstlAdr>
    </UserInfo>
    <FinInstnId>
        <BICFI>ICCI12008</BICFI>
        <LEI>ICICI</LEI>
    </FinInstnId>
    <AccountInfo>
        <IBAN>IN303543456</IBAN>
        <InitialBalance>30000</InitialBalance>
        <AccountStatus>Active</AccountStatus>
        <Currency>INR</Currency>
        <AccountType>Savings</AccountType>
        <CreDtTm>2019-09-14T12:59:26+01:00</CreDtTm>
    </AccountInfo>
</Customer>