<FIToFICstmrCdtTrf>
    <CdtTrfTxInf>
        <PmtId>
            <EndToEndId>gwwg8dluwzG</EndToEndId>
        </PmtId>
        <PmtTpInf>
            <ClrChanl>RTGS</ClrChanl>
        </PmtTpInf>
        <Amt>10000.00</Amt>
        <Dt>2019-09-13</Dt>
        <Dbtr>
            <Nm>ABC Company</Nm>
            <PstlAdr>
                <StrtNm>Front St W</StrtNm>
                <BldgNb>301</BldgNb>
                <PstCd>M5V 2T6</PstCd>
                <TwnNm>Toronto</TwnNm>
                <CtrySubDvsn>ON</CtrySubDvsn>
                <Ctry>CA</Ctry>
            </PstlAdr>
        </Dbtr>
        <DbtrAcct>
            <Id>
                <IBAN>IN231234567</IBAN>
            </Id>
        </DbtrAcct>
        <DbtrAgt>
            <FinInstnId>
                <BICFI>HDFC00123</BICFI>
            </FinInstnId>
        </DbtrAgt>
        <CdtrAgt>
            <FinInstnId>
                <BICFI>HDFC00123</BICFI>
            </FinInstnId>
        </CdtrAgt>
        <Cdtr>
            <Nm>123 Supplier</Nm>
            <PstlAdr>
                <StrtNm>Mark Lane</StrtNm>
                <BldgNb>55</BldgNb>
                <PstCd>EC3R7NE</PstCd>
                <TwnNm>London</TwnNm>
                <Ctry>GB</Ctry>
            </PstlAdr>
        </Cdtr>
        <CdtrAcct>
            <Id>
                <IBAN>IN231234567</IBAN>
            </Id>
        </CdtrAcct>
        <RmtInf>Payment Note </RmtInf>
        <TransactionSts>Success</TransactionSts>
    </CdtTrfTxInf>
</FIToFICstmrCdtTrf>